track_id,stream_count,country
202,1797,South Korea
143,5602,Japan
415,3431,Canada
67,6577,USA
152,1783,Sweden
416,735,UK
463,5084,Japan
201,8455,Canada
268,2622,Germany
112,7575,Australia
9,9250,Canada
184,1216,Brazil
88,7494,Sweden
308,8190,Australia
45,8384,South Korea
476,9916,Brazil
235,8150,Brazil
166,8166,USA
155,6938,Canada
199,6459,Australia
423,7401,South Korea
241,911,Germany
152,5226,Japan
267,5254,France
26,3214,Brazil
286,6351,USA
413,5291,Australia
28,8350,France
105,3003,Australia
22,6124,USA
106,8820,Germany
424,1445,Sweden
249,315,USA
141,649,Germany
172,5784,Germany
107,8261,Australia
275,9974,Japan
206,5449,Australia
268,5244,UK
367,4553,Japan
1,9054,Japan
75,4897,Canada
7,5068,Australia
55,4016,USA
251,4393,France
298,9491,Australia
350,6464,South Korea
476,5987,Brazil
384,6182,USA
97,1540,Sweden
203,4616,Australia
68,1402,Australia
29,2834,Brazil
4,3135,Sweden
424,3937,Canada
57,3044,Australia
4,647,UK
284,1244,South Korea
52,7265,South Korea
70,7203,France
299,6796,Canada
28,1103,Japan
54,7559,USA
489,9027,Germany
209,8459,South Korea
240,5338,Germany
288,4505,UK
167,3666,France
390,4274,Canada
343,446,UK
165,2362,UK
94,4835,Brazil
341,6453,Sweden
446,1231,Canada
243,9692,USA
284,3230,Canada
374,680,Canada
367,268,UK
195,5061,Canada
113,7056,South Korea
273,631,South Korea
450,7774,Japan
314,2071,UK
175,5880,South Korea
366,8897,UK
407,3400,France
123,2292,France
138,9956,Brazil
138,488,UK
128,8349,Canada
281,9259,Germany
159,7088,Brazil
198,750,Japan
46,9244,Japan
420,9054,Australia
281,545,South Korea
451,721,Japan
415,7723,Germany
158,1280,Sweden
57,5621,Sweden
315,7649,Brazil
330,5641,Brazil
158,2731,France
465,1425,Australia
397,5900,USA
378,1869,Sweden
75,7854,France
397,7552,UK
112,231,Germany
129,934,USA
421,1438,Germany
248,3755,Germany
448,7524,Canada
6,3199,Canada
120,9514,UK
244,9967,Australia
324,3504,Brazil
138,4797,Canada
261,2649,Sweden
307,7472,UK
61,2127,Japan
94,2330,Australia
74,2062,Australia
401,59,USA
368,4661,Brazil
365,9877,Australia
463,6587,France
456,8782,Australia
396,5440,Germany
417,746,South Korea
66,8233,Canada
249,5166,UK
457,3442,Brazil
344,4332,Sweden
410,8279,South Korea
57,4502,Canada
78,5941,South Korea
185,427,Germany
116,2709,USA
299,5096,Germany
307,8420,Australia
397,3980,USA
261,8246,UK
160,2793,Japan
345,2262,South Korea
401,848,Japan
167,1515,Brazil
495,9833,Japan
204,4859,France
394,5882,UK
84,8947,Australia
473,7914,Sweden
187,5453,Germany
113,6380,Japan
257,346,Germany
55,4799,USA
300,1646,Canada
470,870,USA
433,9017,Sweden
403,202,France
40,8829,Brazil
250,6485,Brazil
80,4811,USA
382,3428,Sweden
94,6980,Brazil
414,363,UK
293,9566,Sweden
438,1254,UK
499,6716,Australia
421,8752,France
378,5557,Canada
426,6993,France
35,9802,Brazil
253,3976,USA
146,6567,Canada
63,9477,Japan
424,1361,UK
43,7730,South Korea
179,4245,Sweden
128,8743,Brazil
73,6569,South Korea
133,5666,Sweden
239,4120,South Korea
282,7501,Sweden
201,1556,Sweden
494,8201,South Korea
377,669,Sweden
401,975,Sweden
345,8458,Germany
339,407,South Korea
113,7220,Japan
487,4739,Brazil
94,9064,Australia
478,6715,South Korea
112,8362,Australia
274,2688,Japan
153,4866,Australia
296,7092,South Korea
257,6703,France
226,4498,Sweden
448,415,USA
91,4827,Australia
400,8200,Sweden
189,8382,UK
237,8493,South Korea
13,9962,South Korea
430,9305,UK
488,9239,UK
85,1453,South Korea
494,6491,Sweden
218,7250,Japan
71,5790,USA
105,3260,Japan
437,8118,Canada
473,8453,Germany
309,8969,Germany
41,8462,France
441,4661,Brazil
456,4650,UK
214,7840,Australia
281,4819,Australia
367,1834,Japan
56,6702,Australia
146,462,USA
261,3043,USA
155,7879,Germany
152,1733,UK
63,1778,Australia
365,3649,Sweden
147,850,UK
134,2390,Germany
7,3259,Australia
52,2476,South Korea
397,2306,South Korea
32,868,Canada
298,3307,Japan
239,7225,UK
160,5336,Sweden
310,7380,Australia
221,9347,Brazil
258,4063,Germany
109,2262,Canada
279,6341,France
12,5309,Brazil
137,5663,UK
474,9767,South Korea
260,1976,Brazil
433,6263,Australia
111,1727,Germany
131,3168,South Korea
185,9570,UK
39,7816,France
387,8988,Sweden
108,73,Germany
402,4182,South Korea
175,8346,Germany
370,6393,France
159,3623,USA
368,8223,UK
436,3068,South Korea
338,9859,Canada
150,4837,Australia
443,5228,Canada
129,922,USA
6,3048,Sweden
397,1588,Japan
378,5357,South Korea
338,5785,France
453,3787,Australia
14,6228,USA
198,6289,UK
472,3488,UK
252,754,France
474,84,France
234,2591,Brazil
433,349,South Korea
471,986,UK
133,4325,Australia
232,8965,Australia
77,5257,Germany
382,3490,South Korea
270,5333,UK
127,3507,Germany
230,491,USA
324,7379,Canada
105,6699,South Korea
269,2755,Brazil
359,9421,USA
149,1244,Brazil
18,7241,South Korea
476,7863,Japan
490,2063,Brazil
380,6538,Sweden
170,6607,Australia
237,168,Brazil
486,4817,South Korea
120,3164,USA
63,6469,Canada
27,461,Canada
116,323,Germany
455,7034,Germany
186,2796,Germany
363,2783,USA
133,7458,Germany
99,2975,South Korea
159,5458,Brazil
179,6642,Brazil
446,7276,Germany
318,5835,Australia
22,9404,Brazil
59,3230,Brazil
281,9675,UK
196,2464,UK
413,4721,Canada
125,3152,Japan
427,8011,Brazil
254,3200,Japan
341,7289,Australia
253,389,South Korea
243,8424,Germany
349,671,Germany
493,4567,Brazil
37,7488,South Korea
420,6995,Sweden
78,9243,Australia
192,4311,South Korea
206,1317,Japan
312,1195,France
301,7645,Australia
429,7130,USA
225,2832,Sweden
396,3746,UK
277,4776,USA
44,5045,Canada
344,6581,UK
474,1646,Australia
222,9365,Germany
176,1722,South Korea
363,4920,France
84,3273,Brazil
356,6662,UK
143,6306,South Korea
466,6118,Canada
379,2619,South Korea
347,9120,Australia
227,7458,Canada
363,4994,Australia
355,934,France
377,3807,USA
370,1931,South Korea
369,9745,Japan
249,1904,Australia
229,1110,UK
18,6878,Canada
111,4859,Australia
240,9595,USA
223,6014,South Korea
452,6218,France
250,267,Sweden
7,4242,France
173,7710,USA
445,3333,France
359,9083,Japan
345,9844,Australia
359,5483,Germany
239,9950,Germany
81,4703,Japan
485,2539,Australia
6,8103,USA
282,8649,South Korea
178,8805,Japan
68,358,Brazil
95,6574,Japan
484,5795,Brazil
382,3383,Canada
220,4672,South Korea
297,6002,USA
228,5542,UK
457,8804,Australia
311,9790,Canada
307,7563,USA
16,536,Germany
76,7621,Japan
418,8673,France
144,2058,USA
345,7153,South Korea
276,3529,South Korea
38,6827,France
49,2804,Japan
326,3230,Australia
53,2522,Australia
266,1721,Australia
31,2278,France
86,9067,Australia
288,4072,France
466,4746,France
318,6592,Brazil
492,9878,UK
343,7823,France
483,6892,France
392,743,Germany
2,9971,UK
111,4132,South Korea
187,497,Canada
236,3199,UK
350,3517,Canada
101,7336,Germany
278,6157,Australia
193,4791,Japan
444,5435,USA
233,3774,Germany
232,616,Germany
459,4939,Canada
284,1752,France
291,9645,UK
261,2560,Canada
161,1769,Sweden
296,6671,Sweden
204,1666,UK
102,7936,Japan
362,1012,Sweden
404,8309,France
294,5995,USA
451,6809,USA
325,6134,South Korea
174,6530,South Korea
35,4788,Japan
14,7829,France
249,2996,Japan
49,7996,France
251,5484,South Korea
337,8997,Japan
240,3475,France
328,8351,Brazil
108,1789,USA
262,9549,Australia
129,1522,Australia
179,4041,Brazil
485,8024,Australia
384,6748,Japan
238,340,USA
193,8227,Australia
169,2420,Canada
330,743,UK
86,4578,Brazil
317,4824,Sweden
452,2895,Australia
299,3576,Germany
462,588,Sweden
426,651,Canada
351,381,Sweden
419,5941,Sweden
199,1169,Germany
343,9874,France
291,3376,Japan
136,786,South Korea
354,6703,USA
247,1916,UK
436,6832,Canada
386,8616,Australia
79,4335,UK
469,4733,Canada
78,2530,Germany
368,5647,South Korea
238,1264,Germany
327,9504,Japan
132,2888,USA
489,496,Australia
327,7511,Japan
84,9894,Sweden
31,4990,Japan
407,5906,USA
496,5071,South Korea
61,7260,USA
203,5547,Brazil
223,16,USA
150,3583,France
87,7195,South Korea
68,5801,South Korea
446,8409,USA
31,5343,USA
180,4651,Sweden
203,6194,USA
287,41,Germany
225,4297,Sweden
104,1243,Brazil
7,6466,Sweden
181,8932,Australia
52,578,Australia
342,5465,Canada
373,9815,France
474,6913,Japan
147,3893,Sweden
201,4486,USA
167,9120,Brazil
5,8334,Canada
350,8397,France
118,7934,France
464,2381,Japan
405,5238,USA
395,1582,France
172,3911,USA
407,7071,USA
60,5123,UK
188,8990,Germany
176,9357,USA
193,8680,UK
500,2378,Japan
397,8203,Brazil
400,4907,France
301,7081,UK
144,932,USA
492,9516,Brazil
165,974,South Korea
480,6298,Germany
96,7538,Germany
71,8800,Germany
399,7867,Japan
71,8865,USA
163,9136,UK
451,9537,France
346,3846,Japan
159,6967,South Korea
479,7791,Australia
136,8272,UK
250,2317,Sweden
456,2941,Japan
370,2324,Australia
41,9247,UK
361,6072,France
109,5429,Canada
332,5778,France
147,7937,Germany
309,7452,Brazil
419,4393,Germany
136,848,France
378,2572,Japan
375,5230,Japan
420,9246,Canada
477,2236,UK
335,8813,South Korea
311,9877,Japan
464,8667,Japan
432,6175,Canada
149,3676,France
413,5493,USA
376,6210,USA
344,5713,Canada
153,9321,Brazil
316,2605,Sweden
280,3486,France
175,6606,Japan
316,5266,Japan
330,6191,USA
232,928,Australia
296,6435,Canada
82,3330,France
262,1296,Brazil
313,9677,Canada
455,9246,France
96,6583,Germany
447,2588,Canada
373,7300,Canada
399,8271,USA
208,7099,France
391,4744,France
464,5063,Sweden
374,485,Canada
143,6431,Australia
32,3607,Brazil
253,8967,Brazil
444,6024,USA
129,1731,Australia
98,479,USA
163,1822,Brazil
290,9077,Germany
150,1035,Sweden
64,7972,France
248,6115,Germany
346,2032,France
277,3693,South Korea
475,7497,France
330,3162,France
234,8200,South Korea
24,6276,South Korea
231,323,Brazil
235,5198,Japan
73,6693,Germany
424,1792,Brazil
50,8612,UK
467,1438,Japan
46,7619,Australia
112,6288,South Korea
417,5749,Japan
136,8579,Germany
61,8687,USA
156,5951,Germany
73,5691,Australia
291,8074,Canada
120,1894,Japan
364,1929,USA
55,706,Brazil
493,4933,Brazil
280,2165,Japan
355,9554,USA
428,7104,Canada
361,3544,USA
226,7609,Germany
443,7830,Brazil
405,8403,Germany
357,949,USA
262,1564,UK
411,9500,Germany
99,9522,USA
334,797,Brazil
376,233,France
483,3864,Australia
110,9347,Sweden
213,7871,USA
120,6054,UK
364,2262,France
313,9726,Germany
323,7718,Japan
386,399,Canada
184,5633,Japan
117,9214,Brazil
237,9196,Germany
37,7299,Germany
483,4080,South Korea
41,8003,USA
359,6523,UK
236,1955,Germany
172,4045,South Korea
21,8598,France
339,7510,USA
137,9903,USA
68,9103,Japan
344,1241,France
286,3681,Brazil
316,2428,South Korea
90,6653,Australia
321,5224,Japan
283,3714,Germany
117,6738,France
12,7271,Australia
68,2565,France
185,1954,Canada
351,4373,Australia
465,3529,Canada
288,5229,Canada
236,4372,UK
35,9109,South Korea
113,6667,UK
88,159,South Korea
204,2138,France
241,7397,USA
92,2306,Australia
189,1006,Canada
460,8728,South Korea
340,893,Japan
345,4025,Japan
325,3583,Australia
106,8086,Australia
350,8025,South Korea
66,5948,France
365,6038,South Korea
56,2127,Japan
359,2205,Brazil
10,4538,Australia
443,4197,USA
479,7611,Japan
471,8355,Australia
111,1850,Brazil
498,1742,Germany
65,7401,UK
16,7078,France
72,7407,France
213,7384,UK
154,6242,Sweden
30,36,Australia
338,4024,UK
181,8571,Australia
148,7359,Canada
323,328,Germany
178,5934,Australia
346,8248,USA
97,674,USA
346,5647,USA
466,9004,USA
403,1916,Brazil
147,4985,Japan
13,1854,USA
113,5221,Germany
474,1520,South Korea
43,9252,Sweden
316,9983,Canada
496,605,South Korea
480,2528,Australia
289,2907,Brazil
31,5991,Sweden
288,5179,Australia
497,4589,Sweden
167,8433,UK
473,9384,Japan
434,567,Sweden
165,5775,UK
123,1116,Canada
444,836,Sweden
270,8127,USA
205,7491,Canada
114,6311,South Korea
200,4617,Brazil
301,7898,Canada
381,2340,Germany
454,2204,Canada
442,2130,Australia
234,257,Canada
258,6065,South Korea
378,3174,Brazil
140,7486,Canada
131,676,UK
311,481,Germany
149,1766,USA
199,4865,Australia
304,4030,Germany
140,9306,Japan
46,1060,South Korea
458,8800,Canada
103,7590,UK
131,5553,Australia
200,1751,USA
42,2000,Brazil
104,5894,USA
103,4779,South Korea
117,2694,USA
1,1129,France
420,818,UK
387,1875,USA
353,4165,Sweden
315,47,Canada
449,2150,Brazil
92,9722,Australia
442,4866,Japan
38,6531,South Korea
282,3091,USA
164,7602,UK
141,6945,Canada
371,3017,USA
92,3417,Japan
459,1843,Canada
32,156,Sweden
103,6283,Canada
99,7405,USA
480,7893,UK
282,6984,Japan
363,7110,Germany
284,7893,USA
7,7956,UK
422,3461,UK
97,8104,USA
435,6492,Germany
485,3820,Sweden
97,3668,Japan
228,103,USA
487,3980,Sweden
83,5816,Germany
180,5994,South Korea
471,9740,USA
260,4862,Brazil
68,4749,South Korea
338,2776,France
495,5182,USA
135,7217,UK
9,555,Sweden
95,2830,Germany
426,1457,Canada
315,33,Germany
134,2999,UK
417,3295,Australia
420,9607,USA
126,9833,Canada
495,9078,UK
27,5134,France
287,7907,Canada
338,9766,Australia
21,1341,USA
188,3385,Japan
306,6925,France
27,1502,Germany
308,295,South Korea
466,2243,Japan
136,4228,Australia
163,4743,South Korea
475,6142,Sweden
225,2678,Canada
456,6077,UK
224,8847,Australia
423,8799,Australia
171,3072,South Korea
5,5725,South Korea
83,8892,France
459,8191,Brazil
293,3162,Australia
325,3661,Sweden
154,3204,UK
293,267,France
417,1859,France
81,833,Japan
266,661,UK
178,7503,UK
208,8524,Sweden
350,6193,South Korea
371,2828,UK
299,470,Brazil
484,2080,France
236,3467,Canada
51,4131,Australia
113,7161,UK
160,981,UK
12,7888,Canada
316,8921,Sweden
471,3578,Japan
397,5269,Germany
69,2644,France
308,8273,Japan
412,9964,Germany
307,7214,USA
168,766,France
73,8310,Canada
21,1856,Japan
496,2794,Australia
449,9104,Germany
492,2584,South Korea
379,4877,France
303,5492,UK
168,9535,France
81,2383,Australia
178,1960,France
348,7086,USA
224,7878,France
186,1785,South Korea
190,8008,Brazil
455,1470,South Korea
499,9293,South Korea
271,9370,Japan
167,8547,Canada
97,565,USA
127,4770,Japan
380,3083,South Korea
272,1997,Sweden
302,2671,Australia
85,5131,Sweden
36,1021,Brazil
360,957,Australia
383,6518,Australia
190,3594,France
378,7192,Canada
293,3316,UK
196,9896,Canada
36,786,South Korea
238,4315,Brazil
118,6160,UK
189,7456,USA
425,9971,Canada
378,4359,Germany
80,4476,Sweden
57,9265,UK
19,4474,Germany
77,6120,France
37,6719,Canada
83,8699,Australia
301,8202,Sweden
469,8487,Brazil
154,5059,Germany
403,7285,Australia
312,9228,France
46,5054,Brazil
349,2271,USA
79,1900,Canada
131,6091,France
379,3484,Australia
395,8824,Australia
331,1622,UK
421,1562,South Korea
359,406,France
434,3508,Sweden
390,3617,Brazil
366,9770,France
17,2521,USA
411,5263,USA
113,5415,Australia
17,368,Brazil
412,5376,Australia
134,3823,South Korea
297,7253,UK
80,8470,Canada
163,3785,UK
107,8426,Australia
231,8219,Germany
241,8200,USA
95,6888,South Korea
386,2706,France
355,2404,Germany
244,6663,Germany
198,7494,Canada
159,4265,Canada
120,1904,Japan
463,5005,Germany
301,1441,USA
172,7245,Canada
179,6340,Australia
39,2525,USA
321,4020,USA
303,6285,Sweden
304,5965,Germany
146,2815,Germany
6,6125,Japan
282,3807,France
162,9239,Canada
284,4494,Brazil
330,7316,Brazil
23,7524,Canada
442,7105,Sweden
493,8040,France
54,410,South Korea
14,5385,Japan
306,9663,Australia
236,8829,USA
456,8557,Sweden
334,2113,Sweden
439,9488,Germany
434,5454,Brazil
351,337,Canada
126,5821,South Korea
62,8295,Brazil
333,1189,Sweden
178,6333,Sweden
71,4647,USA
358,9198,South Korea
123,5180,Sweden
305,5889,South Korea
146,8434,Australia
108,826,Australia
403,3620,France
167,7856,South Korea
112,7951,Japan
13,6189,Sweden
469,3926,France
415,1213,France
84,7514,Germany
94,1134,UK
22,4780,Japan
173,5679,Germany
306,1526,Canada
187,9522,Australia
93,717,South Korea
454,5015,Germany
304,287,Germany
356,3639,Germany
11,6233,UK
51,3741,Australia
286,7294,France
105,6140,Brazil
118,5622,South Korea
459,6633,Germany
384,5153,Germany
172,7152,USA
227,1726,France
375,9934,Australia
129,3029,France
147,1737,South Korea
343,939,South Korea
336,420,Brazil
37,2804,France
234,4155,UK
211,5156,France
152,2838,Japan
232,8046,Canada
297,2935,Australia
87,815,Japan
173,9030,Canada
477,2303,Sweden
191,3400,Japan
103,7375,UK
129,7737,Japan
268,5146,Sweden
240,9263,Brazil
32,5817,Sweden
204,8321,Canada
373,8988,Germany
7,7768,UK
63,8079,Australia
343,2109,Australia
345,3680,Australia
59,8158,Sweden
315,2817,Sweden
4,85,Brazil
16,653,UK
76,7554,France
132,6876,Sweden
351,2873,Australia
413,7131,UK
190,226,France
305,687,Germany
401,8378,USA
30,7485,UK
28,9840,Japan
196,9262,South Korea
265,8354,France
225,2246,France
351,883,South Korea
145,6688,Brazil
189,9831,Sweden
496,2690,Germany
183,7129,Australia
254,8676,UK
306,6774,Brazil
469,1424,France
121,121,USA
203,7202,Australia
204,3807,Sweden
328,7603,Sweden
396,3352,USA
286,1244,South Korea
390,4218,Japan
53,7111,Brazil
456,411,Australia
234,839,Brazil
193,14,Sweden
191,4107,USA
342,5972,Canada
385,2625,USA
236,8623,Japan
371,5554,USA
87,1884,Australia
111,8054,Japan
239,505,Brazil
37,5960,South Korea
76,5536,Australia
195,2986,USA
173,4790,Canada
490,2460,Germany
372,4074,Brazil
81,5674,USA
360,4491,Germany
148,5138,Germany
275,4678,UK
254,5767,Australia
46,3255,UK
331,4786,Sweden
382,2444,France
375,282,USA
122,1960,Brazil
228,4908,UK
488,9805,Brazil
202,5492,Brazil
443,8794,Japan
120,3727,Canada
471,3559,UK
471,9595,South Korea
264,7291,Brazil
237,7673,Canada
140,1935,South Korea
307,1791,Canada
142,6415,South Korea
236,5405,Sweden
47,3027,Brazil
259,2557,France
111,3069,Canada
6,298,Sweden
28,8567,France
455,9919,Australia
127,7033,Australia
58,6852,France
76,1271,Japan
245,7399,Germany
481,5660,UK
52,2885,France
352,9094,South Korea
182,1808,Germany
4,1883,Japan
358,3477,Canada
191,3030,South Korea
234,3073,Canada
384,7258,South Korea
360,6011,Japan
164,4918,South Korea
317,6428,UK
445,5913,Canada
397,5453,UK
284,5813,USA
14,4815,Australia
5,800,Australia
283,4432,Sweden
207,3593,Sweden
234,9193,Brazil
253,1974,South Korea
464,2759,USA
343,8797,France
136,6399,France
275,615,USA
273,1024,Sweden
188,9225,Sweden
430,6898,France
174,2093,USA
324,6435,France
362,872,Brazil
439,7484,Germany
171,384,Sweden
464,8349,USA
254,392,Germany
73,5100,UK
355,9342,Sweden
378,6108,France
92,930,Brazil
148,4878,France
264,922,South Korea
471,3336,South Korea
257,5326,South Korea
446,3443,France
241,916,South Korea
201,1806,Germany
450,6015,Canada
79,9738,USA
377,4615,Germany
61,7329,South Korea
152,7943,Australia
53,7337,Sweden
32,4776,Sweden
195,6933,Sweden
475,8440,USA
318,1554,South Korea
458,3076,Sweden
119,1843,Germany
299,1155,Brazil
135,7786,Australia
461,6462,UK
347,5131,USA
62,5285,France
20,9104,Canada
1,3210,Japan
44,8227,Japan
274,4106,Japan
457,4709,Japan
169,8782,Japan
132,8810,France
323,5466,Australia
486,5894,Brazil
459,745,Germany
361,9509,France
127,4054,Canada
125,4054,Australia
368,5473,Sweden
311,9813,UK
408,6363,Brazil
492,8619,Japan
216,7162,USA
432,1984,Japan
313,4598,Brazil
239,4892,France
130,5245,Canada
174,3755,USA
101,8237,Sweden
234,9439,Brazil
239,4834,Australia
26,561,Canada
345,7096,Canada
307,6586,Germany
2,1498,France
99,3218,UK
210,4786,Sweden
123,2610,Sweden
125,3599,Sweden
403,1157,South Korea
464,915,Australia
449,5773,UK
458,6877,UK
56,1906,Brazil
393,4889,Japan
489,6387,France
443,9300,France
465,2749,Canada
387,883,Australia
353,8352,Brazil
453,491,Japan
189,1508,Japan
136,4714,Germany
195,2702,South Korea
164,3857,France
189,6016,Brazil
451,9772,UK
328,9939,UK
68,6942,South Korea
28,3354,France
54,2698,France
186,2624,Germany
443,2730,Japan
370,8097,Japan
71,3172,Brazil
31,3975,Sweden
164,7651,Canada
500,3787,Canada
478,8991,UK
234,9948,Sweden
219,6403,UK
46,8818,Germany
117,9447,France
319,6290,France
99,9891,Brazil
399,5293,France
213,9236,UK
8,4051,South Korea
429,1031,Canada
30,6136,UK
24,7104,Brazil
185,264,Sweden
81,9060,USA
62,7836,South Korea
482,8060,Sweden
135,1391,USA
82,761,Canada
37,5397,France
364,7542,France
396,8107,Germany
427,6590,USA
209,1175,South Korea
364,9758,France
167,456,UK
458,8895,Brazil
192,3866,UK
373,501,Germany
401,8270,Sweden
251,7714,Japan
495,5453,USA
416,5451,Sweden
418,9132,Germany
35,3371,Sweden
276,9194,USA
314,8986,UK
137,2380,Germany
260,3118,Brazil
182,5092,Sweden
188,2153,South Korea
287,1429,Brazil
302,8221,UK
154,1544,Japan
469,7079,Canada
10,4727,USA
327,1778,Japan
453,360,UK
139,8266,UK
35,7066,Australia
23,2734,Canada
431,2639,UK
98,2186,USA
294,101,Brazil
14,8981,Sweden
445,9133,USA
43,499,Japan
280,5524,Japan
251,1493,Germany
259,5524,Brazil
63,7110,France
87,5356,Sweden
54,2668,Sweden
215,2040,Japan
489,2387,France
301,6271,Germany
461,1690,Germany
12,1485,Canada
142,8092,Canada
144,7633,Germany
495,3379,Canada
430,9986,Germany
418,8312,Brazil
484,5902,Canada
187,7969,USA
285,4354,Japan
446,5739,Brazil
96,5400,USA
362,4274,Brazil
181,6531,France
489,1966,Japan
1,3120,Sweden
270,7833,Japan
181,8389,Germany
378,3862,Germany
288,2980,Canada
354,6702,USA
38,4950,Brazil
202,1604,Sweden
116,9643,South Korea
106,1844,USA
81,8794,Japan
362,3464,Germany
356,1114,Brazil
177,9028,Germany
204,1251,Japan
414,3175,USA
413,1063,Sweden
287,7573,Australia
79,6556,Germany
183,6729,Japan
86,3031,Australia
132,2860,Australia
464,2183,Canada
261,9630,Germany
152,9772,France
41,8446,Sweden
391,2181,Japan
94,3283,USA
237,7473,Australia
347,825,Australia
391,7753,Canada
316,118,Canada
321,6447,Germany
69,8509,France
29,6175,UK
407,752,UK
351,4707,Japan
12,3637,South Korea
251,8677,USA
119,521,Australia
168,8193,France
481,548,Canada
451,1625,Australia
209,3647,Sweden
378,7662,Japan
405,9457,France
68,1382,France
15,7227,France
34,1295,Australia
37,7526,Germany
99,4265,USA
265,360,UK
418,4789,Japan
218,7542,USA
19,990,Brazil
394,8109,Germany
206,1325,UK
88,5840,Canada
269,3296,Canada
185,9019,France
409,839,South Korea
376,4335,South Korea
184,4338,Brazil
223,1998,France
255,1154,Japan
97,6694,Australia
301,7350,UK
19,7966,UK
246,8493,South Korea
387,6233,Brazil
337,6552,Brazil
256,8762,Sweden
391,7856,Brazil
163,3566,UK
33,7955,Australia
297,7530,Germany
50,6831,Australia
289,1529,Sweden
305,8435,Australia
451,5972,Brazil
91,2990,UK
298,3944,Japan
12,4683,UK
33,9846,Germany
311,8544,Australia
478,3416,Brazil
171,5653,Germany
35,9359,Japan
40,5935,USA
138,4190,South Korea
288,3958,France
192,5551,Japan
470,6457,Canada
79,4180,Germany
453,2332,Canada
476,3132,Sweden
179,2449,UK
375,154,Brazil
101,2254,UK
342,5098,Japan
236,1730,Brazil
431,9644,USA
377,7687,South Korea
161,1469,Japan
282,789,Japan
144,9057,USA
89,3009,South Korea
319,307,South Korea
204,8245,UK
136,1701,France
229,7974,Australia
29,6529,Brazil
198,1976,France
271,9307,Germany
293,6499,South Korea
186,9149,Japan
103,3222,Japan
54,1368,Australia
71,6741,France
132,4565,South Korea
140,3101,Brazil
78,3202,Japan
203,8179,Japan
499,6635,Australia
146,6994,UK
445,5289,Canada
98,7722,France
462,7930,Brazil
404,6018,UK
213,5843,France
99,9473,Germany
64,7282,USA
194,8774,Japan
288,7041,Japan
71,163,Brazil
411,7593,South Korea
232,2461,South Korea
271,2666,Canada
484,532,Sweden
483,7613,Germany
217,4331,Canada
284,8971,Germany
478,9523,South Korea
25,308,Japan
66,2327,USA
271,2014,South Korea
2,966,Sweden
182,9340,Japan
296,7306,UK
309,4228,France
2,2992,UK
364,1231,Brazil
146,9383,Australia
356,8773,France
294,8830,UK
286,3605,Japan
65,8478,Sweden
173,3378,Brazil
86,7043,Sweden
222,7299,Sweden
419,86,USA
30,1028,UK
243,9714,UK
151,5276,France
134,21,UK
458,4719,Canada
270,1101,South Korea
134,9736,France
243,3143,Germany
484,8482,USA
370,8802,Germany
429,668,Germany
179,9195,UK
92,2639,Germany
486,4345,France
290,6131,South Korea
198,3734,Japan
311,7472,Japan
176,652,Australia
113,7010,UK
87,8613,Sweden
76,8597,Canada
301,8430,Sweden
498,8985,Canada
297,6975,Australia
79,9253,Germany
279,5274,Brazil
409,6861,UK
149,7810,Brazil
15,742,Japan
196,9230,Brazil
278,7763,UK
160,925,Japan
238,4299,Brazil
48,9618,USA
470,7439,Japan
361,642,Australia
8,3055,Japan
452,3997,USA
31,7569,Germany
210,2921,USA
491,5223,Canada
489,5135,Japan
338,7485,UK
229,1136,South Korea
47,3807,Germany
74,783,France
63,2517,Japan
114,2448,UK
88,5221,Brazil
336,5092,Australia
59,733,USA
161,5195,UK
473,4728,South Korea
201,2714,Brazil
476,5201,Germany
420,9389,Canada
309,7795,Germany
491,603,Germany
159,9654,Australia
84,7510,UK
482,9241,South Korea
491,2602,France
32,8137,France
105,450,Japan
491,9833,Brazil
112,2784,USA
186,2882,France
50,484,UK
308,5585,Australia
78,5393,Brazil
342,6816,USA
106,267,Brazil
303,2457,Australia
494,9476,Canada
360,635,Canada
265,7720,France
5,4136,Germany
202,8685,Brazil
436,7837,South Korea
89,3486,Canada
212,2848,UK
479,6613,Germany
110,6323,USA
30,3557,Australia
1,1427,South Korea
286,6196,Brazil
457,525,Sweden
460,4489,South Korea
281,9255,Brazil
21,5432,USA
449,1732,Sweden
222,1926,Australia
468,1644,France
258,8580,South Korea
261,4490,Japan
387,252,USA
123,3623,France
81,8419,Australia
299,2203,South Korea
155,1036,Sweden
52,7598,Sweden
24,4373,USA
430,3630,Australia
239,3085,France
172,6451,Canada
42,8322,Canada
93,1599,Brazil
114,7327,Sweden
89,3222,Brazil
79,3712,USA
336,6700,Brazil
129,6324,South Korea
326,8672,France
226,1180,Germany
362,9485,Germany
370,6984,UK
44,1339,Australia
280,2766,Canada
257,2039,Australia
360,53,UK
452,9961,Japan
293,1404,France
328,4202,Brazil
56,3597,UK
58,2565,South Korea
223,3160,Sweden
290,2345,Japan
425,2869,South Korea
415,4895,Brazil
151,4374,Germany
39,4531,Japan
60,1295,UK
301,3913,UK
278,6029,Brazil
286,2775,France
227,6085,France
404,9330,Brazil
427,7097,UK
269,6066,Germany
210,9563,Sweden
366,983,UK
222,8707,France
234,9175,Germany
216,7221,Canada
382,4604,Germany
343,9845,Canada
405,9823,USA
405,3392,South Korea
225,4048,Australia
327,8266,Japan
135,4612,France
470,8709,Australia
199,5755,Sweden
378,5557,Germany
292,5922,UK
319,8206,France
351,7636,South Korea
65,3032,France
282,717,USA
493,6045,France
474,1992,USA
169,3684,Australia
132,1843,South Korea
14,9629,Australia
355,5798,Canada
402,9788,UK
156,2093,Brazil
497,4858,Brazil
239,7269,Germany
256,482,USA
484,1695,Japan
447,1704,Canada
195,9668,Brazil
476,7456,Japan
201,367,USA
404,3724,France
362,3046,Japan
486,5088,USA
57,1902,Australia
109,2652,Germany
489,9498,South Korea
204,6959,Germany
214,5178,South Korea
173,2822,South Korea
69,8693,UK
164,4204,Canada
52,7330,Sweden
423,1060,UK
321,2317,UK
482,4564,Japan
102,1298,Japan
164,3478,Sweden
194,1101,Japan
400,1018,Australia
340,1117,Canada
160,9035,Australia
225,4065,South Korea
342,2053,Germany
313,963,UK
90,6068,Australia
284,469,France
133,9076,Germany
336,4975,UK
413,1681,USA
226,7696,Sweden
285,7905,Brazil
150,6583,Japan
485,8269,Japan
140,4729,USA
11,6737,Brazil
291,8055,Canada
364,6442,Australia
19,3336,Japan
470,5207,USA
86,6015,Australia
359,9059,UK
94,9142,South Korea
34,9615,UK
78,1910,Australia
138,6980,Sweden
120,9120,Brazil
210,9980,Australia
362,7895,UK
483,5359,Brazil
193,9356,South Korea
101,9439,Australia
319,7032,Sweden
184,464,UK
303,6405,South Korea
149,9338,UK
498,5393,Germany
35,8503,France
29,8967,Brazil
373,7918,USA
231,954,Canada
250,1535,France
233,8102,Canada
21,3356,Canada
289,974,Germany
264,8728,France
430,7206,USA
40,7551,Germany
487,6709,Sweden
382,986,Canada
291,4870,Canada
315,2425,Japan
351,7867,UK
332,5934,South Korea
467,9761,UK
348,8338,Sweden
279,1791,Canada
89,3346,USA
121,1257,South Korea
35,683,USA
235,8019,USA
177,4759,USA
244,401,Sweden
433,7315,Sweden
261,5582,South Korea
340,3932,UK
37,3011,UK
179,9908,USA
238,4258,Canada
431,7296,Sweden
316,7467,France
398,7427,Sweden
432,9422,Canada
344,9880,Canada
233,2014,Japan
258,9994,USA
315,4927,Brazil
31,9391,UK
254,8157,UK
90,9339,Germany
221,5119,Australia
475,9852,Sweden
28,1281,Germany
186,1378,South Korea
205,2577,Germany
469,1606,UK
416,3216,Japan
30,7883,UK
385,4325,Japan
367,9804,Canada
385,7068,Sweden
95,230,USA
174,2070,South Korea
283,1893,Germany
369,5893,South Korea
127,8528,Sweden
377,3173,Canada
20,7531,USA
155,7867,Germany
300,1272,Sweden
248,3186,France
362,3604,France
251,3981,Japan
283,3486,USA
491,4685,Canada
252,7096,Japan
347,5810,Germany
482,6224,UK
217,5275,South Korea
127,8332,USA
37,923,Sweden
266,7546,Canada
148,437,Germany
500,3135,Brazil
239,7046,UK
384,1798,Japan
54,1259,Australia
89,356,South Korea
251,8783,Australia
231,1892,UK
139,4082,South Korea
131,2237,Sweden
469,3712,South Korea
176,1989,Brazil
304,2424,Germany
125,9032,Australia
275,982,Brazil
55,2455,Canada
393,5984,Brazil
56,5409,Japan
39,7367,Sweden
413,1648,Germany
47,8775,Canada
340,547,Australia
496,4007,Sweden
262,2416,Australia
442,9517,Germany
55,3432,Japan
147,1651,Sweden
177,5899,Canada
398,348,Canada
416,6993,Sweden
73,8848,UK
101,3320,Germany
45,2885,Sweden
144,270,Brazil
7,5511,France
444,2306,South Korea
475,6187,Sweden
67,1637,Canada
21,7263,France
23,5783,UK
75,4997,Brazil
332,2683,Canada
228,2367,Sweden
275,1383,Sweden
277,4504,Sweden
140,9598,Japan
91,2467,Brazil
172,8686,Germany
206,3757,USA
268,555,Germany
246,1891,Sweden
349,2961,Brazil
278,524,UK
84,7560,UK
174,3619,Australia
372,3374,USA
25,8889,Canada
120,3733,Canada
39,3564,Germany
40,5554,France
144,6553,Sweden
77,8205,UK
470,6647,South Korea
114,7769,Brazil
39,9736,Canada
66,2803,Sweden
183,6347,Sweden
159,9006,Japan
217,5532,Brazil
31,9779,Germany
6,475,Japan
312,1233,UK
55,4060,Japan
106,573,Brazil
385,7326,Sweden
16,9474,Canada
231,8668,Canada
63,2129,Germany
126,6566,Brazil
326,4285,Brazil
187,9853,Brazil
280,1029,Japan
335,9690,Australia
174,7425,South Korea
25,4519,Canada
180,2742,Australia
423,8029,USA
86,4560,Germany
295,354,Germany
288,1156,Sweden
457,8939,Brazil
163,5631,Brazil
130,1068,Canada
434,4554,Germany
297,8109,USA
342,467,Germany
204,3987,Japan
415,4465,Brazil
443,9762,UK
370,8505,USA
428,5506,Brazil
86,3733,UK
117,1090,UK
58,1909,USA
18,2689,Australia
232,7270,Australia
255,2529,Japan
265,9741,USA
246,8967,Canada
276,5700,Canada
479,8518,USA
90,20,France
472,6601,USA
102,9663,Australia
60,3642,UK
161,4614,Canada
464,4739,Sweden
369,8935,South Korea
397,188,France
387,9583,UK
242,9050,South Korea
437,6178,France
407,3762,UK
348,6227,Japan
88,565,South Korea
138,3685,Brazil
246,872,Brazil
203,5063,South Korea
453,6419,France
104,1517,USA
203,4564,Sweden
86,2193,Australia
74,1788,Brazil
419,3521,UK
403,3485,Japan
430,1691,UK
248,1512,Germany
413,9626,Brazil
476,3611,South Korea
160,2708,USA
497,3366,Sweden
319,6171,Sweden
44,7471,Sweden
271,6133,Australia
149,3997,Germany
239,6637,France
314,1165,UK
287,23,UK
358,7295,USA
214,9168,UK
495,9264,UK
376,2403,USA
265,726,Brazil
478,6835,Australia
118,8685,Australia
479,2879,Brazil
64,2147,South Korea
375,5478,UK
437,817,Brazil
58,130,Germany
232,3411,France
442,9161,Japan
499,114,South Korea
325,3057,Australia
258,9652,Canada
217,5445,Canada
108,3737,Sweden
148,5825,Brazil
46,633,Sweden
164,7337,Brazil
287,2448,Australia
299,1416,Canada
323,3626,Sweden
362,8036,Brazil
391,5044,USA
261,4591,Japan
479,5070,South Korea
140,3005,USA
412,3274,France
488,6286,Brazil
242,6620,USA
301,9367,USA
299,9925,South Korea
402,8489,South Korea
302,7863,Brazil
353,8691,Japan
309,4972,UK
373,8087,Australia
355,3465,Australia
56,8346,Germany
341,5916,USA
457,1176,France
338,6154,Brazil
462,3008,Sweden
39,8696,South Korea
347,5616,Japan
146,8823,Sweden
357,1848,USA
72,9577,Brazil
296,6880,Japan
30,6355,Germany
279,5611,Japan
357,5905,UK
471,1058,Japan
469,586,UK
121,115,Sweden
251,8075,Australia
52,4785,USA
75,9989,Germany
212,1396,France
116,2240,Sweden
7,1870,Canada
397,7821,Australia
97,8,Japan
254,5692,Sweden
307,1899,Japan
367,6514,USA
55,2995,Sweden
204,3102,UK
290,405,UK
221,395,France
106,4773,Brazil
468,3901,USA
155,8594,USA
305,3733,Brazil
1,2831,Sweden
22,304,Brazil
434,7642,UK
223,1293,Germany
413,3397,Canada
59,7328,South Korea
33,5380,Australia
111,8670,Japan
182,8499,UK
112,4800,Canada
382,7795,Germany
438,1332,Germany
498,6100,Brazil
298,5520,USA
416,3471,France
116,7486,South Korea
164,691,Canada
2,7069,Brazil
265,1482,USA
38,7955,Germany
325,3381,France
222,5696,Japan
338,1561,Australia
248,6517,France
305,9347,South Korea
